country,iso2,iso3,lat,long,cases,deaths,recovered,population,fatality_rate
Afghanistan,AF,AFG,33.0,65.0,234174,7996,211080,40754388,3.41
Albania,AL,ALB,41.0,20.0,334863,3605,330233,2866374,1.08
Algeria,DZ,DZA,28.0,3.0,272010,6881,183061,45350148,2.53
Andorra,AD,AND,42.5,1.6,48015,165,0,77463,0.34
Angola,AO,AGO,-12.5,18.5,107327,1937,103419,35027343,1.8
Anguilla,AI,AIA,18.25,-63.1667,3904,12,0,15230,0.31
Antigua and Barbuda,AG,ATG,17.05,-61.8,9106,146,8954,99509,1.6
Argentina,AR,ARG,-34.0,-64.0,10128845,130841,9997258,46010234,1.29
Armenia,AM,ARM,40.0,45.0,451831,8777,435162,2971966,1.94
Aruba,AW,ABW,12.5,-69.9667,44224,292,42438,107609,0.66
Australia,AU,AUS,-27.0,133.0,11853144,24414,11820014,26068792,0.21
Austria,AT,AUT,47.3333,13.3333,6081287,22542,6054934,9066710,0.37
Azerbaijan,AZ,AZE,40.5,47.5,835234,10400,824089,10300205,1.25
Bahamas,BS,BHS,24.25,-76.0,38084,844,36366,400516,2.22
Bahrain,BH,BHR,26.0,50.55,729549,1574,727915,1783983,0.22
Bangladesh,BD,BGD,24.0,90.0,2049377,29493,0,167885689,1.44
Barbados,BB,BRB,13.1667,-59.5333,110578,648,108647,288023,0.59
Belarus,BY,BLR,53.0,28.0,994037,7118,985592,9432800,0.72
Belgium,BE,BEL,50.8333,4.0,4861695,34376,4826798,11668278,0.71
Belize,BZ,BLZ,17.25,-88.75,71409,688,0,412190,0.96
Benin,BJ,BEN,9.5,2.25,28036,163,27847,12784726,0.58
Bermuda,BM,BMU,32.3333,-64.75,18860,165,18685,61939,0.87
Bhutan,BT,BTN,27.5,90.5,62697,21,61564,787941,0.03
Bolivia,BO,BOL,-17.0,-65.0,1212131,22407,1177145,11992656,1.85
Bosnia,BA,BIH,44.0,18.0,403615,16388,379084,3249317,4.06
Botswana,BW,BWA,-22.0,24.0,330638,2801,327049,2441162,0.85
Brazil,BR,BRA,-10.0,-55.0,38743918,711380,36249161,215353593,1.84
British Virgin Islands,VG,VGB,18.5,-64.5,7392,64,0,30596,0.87
Brunei,BN,BRN,4.5,114.6667,343719,225,243601,445431,0.07
Bulgaria,BG,BGR,43.0,25.0,1339851,38748,1292944,6844597,2.89
Burkina Faso,BF,BFA,13.0,-2.0,22114,400,21596,22102838,1.81
Burundi,BI,BDI,-3.5,30.0,54721,38,53569,12624840,0.07
Cabo Verde,CV,CPV,16.0,-24.0,64477,417,63755,567678,0.65
Cambodia,KH,KHM,13.0,105.0,139103,3056,136044,17168639,2.2
Cameroon,CM,CMR,6.0,12.0,125379,1974,123280,27911548,1.57
Canada,CA,CAN,60.0,-95.0,4946090,59034,4881312,38388419,1.19
Caribbean Netherlands,BQ,BES,12.2,-68.26,11682,38,10476,26647,0.33
Cayman Islands,KY,CYM,19.5,-80.5,31472,37,8553,67277,0.12
Central African Republic,CF,CAF,7.0,21.0,15440,113,15200,5016678,0.73
Chad,TD,TCD,15.0,19.0,7701,194,4874,17413580,2.52
Channel Islands,JE,JEY,49.21,-2.13,101717,228,101321,176463,0.22
Chile,CL,CHL,-30.0,-71.0,5384853,64497,5252450,19250195,1.2
China,CN,CHN,35.0,105.0,503302,5272,379053,1448471400,1.05
Colombia,CO,COL,4.0,-72.0,6400173,143200,6212152,51512762,2.24
Comoros,KM,COM,-12.1667,44.25,9109,161,8939,907419,1.77
Congo,CG,COG,-1.0,15.0,25375,386,24006,5797805,1.52
Cook Islands,CK,COK,-21.2333,-159.7667,7203,2,7150,17571,0.03
Costa Rica,CR,CRI,10.0,-84.0,1238883,9428,0,5182354,0.76
Croatia,HR,HRV,45.1667,15.5,1309728,18687,1258432,4059286,1.43
Cuba,CU,CUB,21.5,-80.0,1115251,8530,1106660,11305652,0.76
Curaçao,CW,CUW,12.15,-68.97,45986,295,44720,165529,0.64
Cyprus,CY,CYP,35.0,33.0,681110,1365,679745,1223387,0.2
Czechia,CZ,CZE,49.75,15.5,4759041,43517,4715206,10736784,0.91
Côte d'Ivoire,CI,CIV,8.0,-5.0,88384,835,87497,27742298,0.94
DRC,CD,COD,0.0,25.0,99338,1468,84489,95240792,1.48
Denmark,DK,DNK,56.0,10.0,3183756,8814,3174942,5834950,0.28
Diamond Princess,,,0.0,0.0,712,13,699,0,1.83
Djibouti,DJ,DJI,11.5,43.0,15690,189,15427,1016097,1.2
Dominica,DM,DMA,15.4167,-61.3333,16038,74,15964,72344,0.46
Dominican Republic,DO,DOM,19.0,-70.6667,675890,4384,671316,11056370,0.65
Ecuador,EC,ECU,-2.0,-77.5,1070188,36043,1034145,18113361,3.37
Egypt,EG,EGY,27.0,30.0,516023,24613,442182,106156692,4.77
El Salvador,SV,SLV,13.8333,-88.9167,201855,4230,179410,6550389,2.1
Equatorial Guinea,GQ,GNQ,2.0,10.0,17229,183,16907,1496662,1.06
Eritrea,ER,ERI,15.0,39.0,10189,103,10086,3662244,1.01
Estonia,EE,EST,59.0,26.0,628070,3001,0,1321910,0.48
Ethiopia,ET,ETH,8.0,38.0,501157,7574,488171,120812698,1.51
Falkland Islands (Malvinas),FK,FLK,-51.75,-59.0,1930,0,1930,3539,0.0
Faroe Islands,FO,FRO,62.0,-7.0,34658,28,0,49233,0.08
Fiji,FJ,FJI,-18.0,175.0,69117,885,67226,909466,1.28
Finland,FI,FIN,64.0,26.0,1516117,11958,1503989,5554960,0.79
France,FR,FRA,46.0,2.0,40138560,167642,39970918,65584518,0.42
French Guiana,GF,GUF,4.0,-53.0,98041,420,11254,314169,0.43
French Polynesia,PF,PYF,-15.0,-140.0,79254,650,0,284164,0.82
Gabon,GA,GAB,-1.0,11.75,49051,307,48674,2331533,0.63
Gambia,GM,GMB,13.4667,-16.5667,12626,372,12189,2558482,2.95
Georgia,GE,GEO,42.0,43.5,1861665,17132,0,3968738,0.92
Germany,DE,DEU,51.0,9.0,38828995,183027,38240600,83883596,0.47
Ghana,GH,GHA,8.0,-2.0,171889,1462,170425,32395450,0.85
Gibraltar,GI,GIB,36.1833,-5.3667,20550,113,0,33704,0.55
Greece,GR,GRC,39.0,22.0,6101379,37869,0,10316637,0.62
Greenland,GL,GRL,72.0,-40.0,11971,21,2761,56973,0.18
Grenada,GD,GRD,12.1167,-61.6667,19693,238,19358,113475,1.21
Guadeloupe,GP,GLP,16.25,-61.5833,203235,1021,0,399794,0.5
Guatemala,GT,GTM,15.5,-90.25,1291293,20289,1269891,18584039,1.57
Guinea,GN,GIN,11.0,-10.0,38572,468,37757,13865691,1.21
Guinea-Bissau,GW,GNB,12.0,-15.0,9614,177,8929,2063367,1.84
Guyana,GY,GUY,5.0,-59.0,74137,1300,72013,794045,1.75
Haiti,HT,HTI,19.0,-72.4167,34667,860,33734,11680283,2.48
Holy See (Vatican City State),VA,VAT,41.9,12.45,29,0,29,799,0.0
Honduras,HN,HND,15.0,-86.5,474590,11165,0,10221247,2.35
Hong Kong,HK,HKG,22.25,114.1667,2937609,14924,2916005,7604299,0.51
Hungary,HU,HUN,47.0,20.0,2230232,49048,2152155,9606259,2.2
Iceland,IS,ISL,65.0,-18.0,209906,229,0,345393,0.11
India,IN,IND,20.0,77.0,45035393,533570,0,1406631776,1.18
Indonesia,ID,IDN,-5.0,120.0,6829221,162063,6647104,279134505,2.37
Iran,IR,IRN,32.0,53.0,7627186,146811,0,86022837,1.92
Iraq,IQ,IRQ,33.0,44.0,2465545,25375,2439497,42164965,1.03
Ireland,IE,IRL,53.0,-8.0,1734582,9491,1724921,5020199,0.55
Isle of Man,IM,IMN,54.23,-4.55,38008,116,0,85732,0.31
Israel,IL,ISR,31.5,34.75,4841772,12707,4798473,9326000,0.26
Italy,IT,ITA,42.8333,12.8333,26723249,196487,26361218,60262770,0.74
Jamaica,JM,JAM,18.25,-77.5,156869,3756,0,2985094,2.39
Japan,JP,JPN,36.0,138.0,33803572,74694,0,125584838,0.22
Jordan,JO,JOR,31.0,36.0,1746997,14122,1731007,10300869,0.81
Kazakhstan,KZ,KAZ,48.0,68.0,1411831,13848,1383020,19205043,0.98
Kenya,KE,KEN,1.0,38.0,344130,5689,337309,56215221,1.65
Kiribati,KI,KIR,1.4167,173.0,5085,24,2703,123419,0.47
Kuwait,KW,KWT,29.3375,47.6581,667158,2570,0,4380326,0.39
Kyrgyzstan,KG,KGZ,41.0,75.0,206897,2991,196406,6728271,1.45
Lao People's Democratic Republic,LA,LAO,18.0,105.0,218970,758,0,7481023,0.35
Latvia,LV,LVA,57.0,25.0,982505,6715,971406,1848837,0.68
Lebanon,LB,LBN,33.8333,35.8333,1243838,10952,1087587,6684849,0.88
Lesotho,LS,LSO,-29.5,28.5,36138,723,25980,2175699,2.0
Liberia,LR,LBR,6.5,-9.5,8090,295,7783,5305117,3.65
Libyan Arab Jamahiriya,LY,LBY,25.0,17.0,507274,6437,500835,7040745,1.27
Liechtenstein,LI,LIE,47.1667,9.5333,21574,94,0,38387,0.44
Lithuania,LT,LTU,56.0,24.0,1397806,9897,1387478,2661708,0.71
Luxembourg,LU,LUX,49.75,6.1667,391232,1232,0,642371,0.31
MS Zaandam,,,0.0,0.0,9,2,7,0,22.22
Macao,MO,MAC,22.1667,113.55,27673,123,3487,667490,0.44
Macedonia,MK,MKD,41.8333,22.0,350567,9976,337068,2081304,2.85
Madagascar,MG,MDG,-20.0,47.0,68486,1426,66862,29178077,2.08
Malawi,MW,MWI,-13.5,34.0,89535,2686,0,20180839,3.0
Malaysia,MY,MYS,2.5,112.5,5278406,37348,5233268,33181072,0.71
Maldives,MV,MDV,3.25,73.0,186694,316,163687,540985,0.17
Mali,ML,MLI,17.0,-4.0,33164,743,32332,21473764,2.24
Malta,MT,MLT,35.8333,14.5833,121420,885,120149,444033,0.73
Marshall Islands,MH,MHL,9.0,168.0,16138,17,16121,60057,0.11
Martinique,MQ,MTQ,14.6667,-61.0,230354,1102,0,374087,0.48
Mauritania,MR,MRT,20.0,-12.0,63848,997,62471,4901981,1.56
Mauritius,MU,MUS,-20.2833,57.55,43025,1051,41278,1274727,2.44
Mayotte,YT,MYT,-12.8333,45.1667,42027,188,0,286259,0.45
Mexico,MX,MEX,23.0,-102.0,7702809,334958,6899865,131562772,4.35
Micronesia,FM,FSM,6.9167,158.25,26547,65,0,117489,0.24
Moldova,MD,MDA,47.0,29.0,635145,12218,0,4013171,1.92
Monaco,MC,MCO,43.7333,7.4,17181,67,0,39783,0.39
Mongolia,MN,MNG,46.0,105.0,1011496,2284,1009212,3378078,0.23
Montenegro,ME,MNE,42.0,19.0,296542,2846,291794,627950,0.96
Montserrat,MS,MSR,16.75,-62.2,1403,8,1376,4965,0.57
Morocco,MA,MAR,32.0,-5.0,1278992,16303,0,37772756,1.27
Mozambique,MZ,MOZ,-18.25,35.0,233731,2250,228805,33089461,0.96
Myanmar,MM,MMR,22.0,98.0,641873,19495,620159,55227143,3.04
N. Korea,KP,PRK,40.0,127.0,4772813,74,4772739,25990679,0.0
Namibia,NA,NAM,-22.0,17.0,172389,4106,167099,2633874,2.38
Nauru,NR,NRU,-0.5333,166.9167,5393,1,5347,10903,0.02
Nepal,NP,NPL,28.0,84.0,1003450,12031,991322,30225582,1.2
Netherlands,NL,NLD,52.5,5.75,8635786,22992,8612599,17211447,0.27
New Caledonia,NC,NCL,-21.5,165.5,80064,314,0,290915,0.39
New Zealand,NZ,NZL,-41.0,174.0,2621111,5697,2613791,4898203,0.22
Nicaragua,NI,NIC,13.0,-85.0,18491,225,4225,6779100,1.22
Niger,NE,NER,16.0,8.0,9931,312,8890,26083660,3.14
Nigeria,NG,NGA,10.0,8.0,267188,3155,259953,216746934,1.18
Niue,NU,NIU,-19.0333,-169.8667,1059,0,1056,1622,0.0
Norway,NO,NOR,62.0,10.0,1509732,6638,1503094,5511370,0.44
Oman,OM,OMN,21.0,57.0,399449,4628,0,5323993,1.16
Pakistan,PK,PAK,30.0,70.0,1581936,30664,1538689,229488994,1.94
Palau,PW,PLW,7.5,134.5,6290,10,6276,18233,0.16
Palestine,PS,PSE,32.0,35.25,621008,5404,615445,5345541,0.87
Panama,PA,PAN,9.0,-80.0,1059893,8727,1051102,4446964,0.82
Papua New Guinea,PG,PNG,-6.0,147.0,46864,670,46168,9292169,1.43
Paraguay,PY,PRY,-23.0,-58.0,837602,20155,0,7305843,2.41
Peru,PE,PER,-10.0,-76.0,4572667,222161,4350506,33684208,4.86
Philippines,PH,PHL,13.0,122.0,4140383,66864,4067381,112508994,1.61
Poland,PL,POL,52.0,20.0,6661991,120598,0,37739785,1.81
Portugal,PT,PRT,39.5,-8.0,5643062,28126,5614809,10140570,0.5
Qatar,QA,QAT,25.5,51.25,514524,690,513687,2979915,0.13
Romania,RO,ROU,46.0,25.0,3529735,68929,3460149,19031335,1.95
Russia,RU,RUS,60.0,100.0,24124215,402756,23545818,145805947,1.67
Rwanda,RW,RWA,-2.0,30.0,133518,1468,132039,13600464,1.1
Réunion,RE,REU,-21.1,55.6,494595,921,0,908061,0.19
S. Korea,KR,KOR,37.0,127.5,34571873,35934,34535939,51329899,0.1
Saint Helena,SH,SHN,-15.9333,-5.7,2166,0,2,6115,0.0
Saint Kitts and Nevis,KN,KNA,17.3333,-62.75,6607,48,6559,53871,0.73
Saint Lucia,LC,LCA,13.8833,-61.1333,30215,410,29805,185113,1.36
Saint Martin,MF,MAF,18.11,-63.03,12324,63,0,39730,0.51
Saint Pierre Miquelon,PM,SPM,46.8333,-56.3333,3452,2,2449,5759,0.06
Saint Vincent and the Grenadines,VC,VCT,13.25,-61.2,9674,124,9493,111551,1.28
Samoa,WS,WSM,-13.5833,-172.3333,17006,31,1605,202239,0.18
San Marino,SM,SMR,43.7667,12.4167,26185,128,26011,34085,0.49
Sao Tome and Principe,ST,STP,1.0,7.0,6778,80,6685,227679,1.18
Saudi Arabia,SA,SAU,25.0,45.0,841469,9646,0,35844909,1.15
Senegal,SN,SEN,14.0,-14.0,89053,1971,87024,17653671,2.21
Serbia,RS,SRB,44.0,21.0,2615054,18057,2596608,8653016,0.69
Seychelles,SC,SYC,-4.5833,55.6667,51220,172,51048,99426,0.34
Sierra Leone,SL,SLE,8.5,-11.5,7779,126,0,8306436,1.62
Singapore,SG,SGP,1.3667,103.8,3006155,2024,3004131,5943546,0.07
Sint Maarten,SX,SXM,18.02,-63.06,11051,92,10905,43966,0.83
Slovakia,SK,SVK,48.6667,19.5,1877605,21224,1856381,5460193,1.13
Slovenia,SI,SVN,46.0,15.0,1356546,7100,1349424,2078034,0.52
Solomon Islands,SB,SLB,-8.0,159.0,25954,199,0,721159,0.77
Somalia,SO,SOM,10.0,49.0,27334,1361,13182,16841795,4.98
South Africa,ZA,ZAF,-29.0,24.0,4076463,102595,3912506,60756135,2.52
South Sudan,SS,SSD,6.8769,31.3069,18819,147,18115,11618511,0.78
Spain,ES,ESP,40.0,-4.0,13914811,121760,13762417,46719142,0.88
Sri Lanka,LK,LKA,7.0,81.0,672754,16897,655852,21575842,2.51
St. Barth,BL,BLM,17.89,-62.82,5507,6,0,9945,0.11
Sudan,SD,SDN,15.0,30.0,63993,5046,58947,45992020,7.89
Suriname,SR,SUR,4.0,-56.0,82588,1408,0,596831,1.7
Swaziland,SZ,SWZ,-26.5,31.5,75191,1427,73116,1184817,1.9
Sweden,SE,SWE,62.0,15.0,2754129,27407,2726492,10218971,1.0
Switzerland,CH,CHE,47.0,8.0,4453053,14452,4438309,8773637,0.32
Syrian Arab Republic,SY,SYR,35.0,38.0,57743,3165,54578,19364809,5.48
Taiwan,TW,TWN,23.5,121.0,10241523,19005,10222518,23888595,0.19
Tajikistan,TJ,TJK,39.0,71.0,17786,125,17264,9957464,0.7
Tanzania,TZ,TZA,-6.0,35.0,43223,846,0,63298550,1.96
Thailand,TH,THA,15.0,100.0,4770149,34586,4692636,70078203,0.73
Timor-Leste,TL,TLS,-8.55,125.5167,23460,138,23102,1369429,0.59
Togo,TG,TGO,8.0,1.1667,39572,290,39281,8680837,0.73
Tokelau,TK,TKL,-9.0,-172.0,80,0,0,1378,0.0
Tonga,TO,TON,-20.0,-175.0,16950,13,15638,107749,0.08
Trinidad and Tobago,TT,TTO,11.0,-61.0,191496,4390,187078,1406585,2.29
Tunisia,TN,TUN,34.0,9.0,1153361,29423,0,12046656,2.55
Turkey,TR,TUR,39.0,35.0,17232066,102174,0,85561976,0.59
Turks and Caicos Islands,TC,TCA,21.75,-71.5833,6752,40,6709,39741,0.59
Tuvalu,TV,TUV,-8.0,178.0,2943,1,0,12066,0.03
UAE,AE,ARE,24.0,54.0,1067030,2349,0,10081785,0.22
UK,GB,GBR,54.0,-2.0,24910387,232112,24678275,68497907,0.93
USA,US,USA,38.0,-97.0,111820082,1219487,109814428,334805269,1.09
Uganda,UG,UGA,1.0,32.0,172149,3632,100431,48432863,2.11
Ukraine,UA,UKR,49.0,32.0,5557995,112418,5445577,43192122,2.02
Uruguay,UY,URY,-33.0,-56.0,1041111,7664,1030944,3496016,0.74
Uzbekistan,UZ,UZB,41.0,64.0,253662,1637,241486,34382084,0.65
Vanuatu,VU,VUT,-16.0,167.0,12019,14,11976,321832,0.12
Venezuela,VE,VEN,8.0,-66.0,552695,5856,546537,29266991,1.06
Vietnam,VN,VNM,21.0,105.8,11625195,43206,10640971,98953541,0.37
Wallis and Futuna,WF,WLF,-13.3,-176.2,3550,8,438,10982,0.23
Western Sahara,EH,ESH,24.5,-13.0,10,1,9,626161,10.0
Yemen,YE,YEM,15.0,48.0,11945,2159,9124,31154867,18.07
Zambia,ZM,ZMB,-15.0,30.0,349304,4069,341316,19470234,1.16
Zimbabwe,ZW,ZWE,-20.0,30.0,266359,5740,258888,15331428,2.15
